gammafrac;CPE;sigma;PW;VIPE;PE;mu0;Et;lambdabr;lambdasd;Bc;R0;a;b;c;ELi;Ealpha;En;etat;n;sigmav;
8.894802860472241e-14;193.08675274338816;183.1754659843906;1.9060895370013886;4.250712647725629;193.08675274338816;1.24552706212e-06;2.5e-08;0.0031;0.055;13.0;4.5;1.0;1.2;1.0;2.5;3.5;14.1;0.4;1.5e+20;3e-22;
8.894802860472241e-14;193.08675274338816;183.1754659843906;1.9060895370013886;4.250712647725629;193.08675274338816;1.24552706212e-06;2.5e-08;0.0031;0.055;13.0;4.5;1.0;1.2;1.0;2.5;3.5;14.1;0.4;1.5e+20;3e-22;
8.894802860472241e-14;1322.7305764660475;346.19874087287735;3.9999999999983915;1.224035305676226;1322.7305764660475;1.24552706212e-06;2.5e-08;0.0031;0.055;13.0;7.0;2.098537304963695;1.2;0.7166126069672613;2.5;3.5;14.1;0.4;1.5e+20;3e-22;
8.894802860472241e-14;1024.8755980552844;304.37934798058274;3.7282571260003046;1.4138262752149697;1024.8755980552844;1.24552706212e-06;2.5e-08;0.0031;0.055;13.0;6.243183061037813;1.9559716653528794;1.2;0.7916566417111967;2.5;3.5;14.1;0.4;1.5e+20;3e-22;
8.894802860472241e-14;979.1137413177429;300.25320348755514;3.9999999999999987;1.3293351644181757;979.1137413177429;1.24552706212e-06;2.5e-08;0.0031;0.055;13.0;5.181551187491292;2.0985373049645384;1.2;0.8402371562729659;2.5;3.5;14.1;0.4;1.5e+20;3e-22;
8.894802860472241e-14;1000.0;300.00024049365237;4.000000000000001;1.330025958425218;1000.0;1.24552706212e-06;2.5e-08;0.0031;0.055;13.0;5.292083002039869;2.0985373049645393;1.2;0.8410359754963856;2.5;3.5;14.1;0.4;1.5e+20;3e-22;
8.894802860472241e-14;1000.0;300.0000000002174;3.9999999999999987;1.330026615855679;1000.0;1.24552706212e-06;2.5e-08;0.0031;0.055;13.0;5.292083002039873;2.0985373049645384;1.2;0.8410367356613042;2.5;3.5;14.1;0.4;1.5e+20;3e-22;
