gammafrac;CPE;sigma;PW;VIPE;PE;mu0;Et;lambdabr;lambdasd;Bc;R0;a;b;c;ELi;Ealpha;En;etat;n;sigmav;
0.007613350641128403;1340.88022738464;271.37106071761565;4.765223842503472;1.0304757933880309;1340.88022738464;1.24552706212e-06;2.5e-08;0.0031;0.055;13.0;5.0;2.5;1.0;1.0;2.5;3.5;14.1;0.4;1.5e+20;3e-22;
0.007613350641128403;1340.88022738464;271.37106071761565;4.765223842503472;1.0304757933880309;1340.88022738464;1.24552706212e-06;2.5e-08;0.0031;0.055;13.0;5.0;2.5;1.0;1.0;2.5;3.5;14.1;0.4;1.5e+20;3e-22;
0.010314285302064111;1008.0614009863358;308.90696702576696;4.000000000000001;1.091707983209955;1008.0614009863358;1.24552706212e-06;2.5e-08;0.0031;0.055;13.0;5.334744605172284;2.0985373049645393;0.9929305680997537;0.7627080866878524;2.5;3.5;14.1;0.4;1.5e+20;3e-22;
0.010003717437204325;1000.0000000000005;300.28143137583805;3.9999999999999982;1.1124049700514116;1000.0000000000005;1.24552706212e-06;2.5e-08;0.0031;0.055;13.0;5.2920830020398775;2.098537304964538;0.993663337134367;0.7875934961175648;2.5;3.5;14.1;0.4;1.5e+20;3e-22;
0.01000000047978605;1000.0;300.0002978478546;4.000000000000002;1.1130886016538375;1000.0;1.24552706212e-06;2.5e-08;0.0031;0.055;13.0;5.292083002039864;2.09853730496454;0.9936722142401264;0.7884279146785641;2.5;3.5;14.1;0.4;1.5e+20;3e-22;
0.009999999999991807;1000.0;300.00000000033344;4.000000000000001;1.1130893183625348;1000.0;1.24552706212e-06;2.5e-08;0.0031;0.055;13.0;5.292083002039869;2.0985373049645393;0.9936722153861723;0.788428797534365;2.5;3.5;14.1;0.4;1.5e+20;3e-22;
